product_name,price,seller_info,category,page
VOLTZ 6 TON Cargo Trolley with Handle 180 Degree Rotation Heavy Duty Industrial Machinery Mover Lifter Dolly Skate Roller,"7,498",FREE delivery,industrial machinery,1
Nutronics CRA-8 Ton Cargo Trolley with Handle 360 Degree Rotation Heavy Duty Industrial Machinery Mover Lifter Dolly Skate Roller,"7,699","FREE deliveryFri, 29 Aug",industrial machinery,1
Nutronics CRA-6 Ton Cargo Trolley 180 Degree Rotation Heavy Duty Industrial Machinery Mover Lifter Dolly Skate Roller,"4,999","FREE deliveryTue, 26 Aug",industrial machinery,1
"AGARO 26pcs Hex Allen Key Wrench Set - Inch/MM With Ball End, for Repairing Industrial Machinery, Motorcycles, Bicycles, Cars, Furniture, Black",649,"FREE deliverySun, 24 Aug",industrial machinery,1
"ERH India 2 Pcs 16 Amp Roller Limit Switch 220v AC 3 Pin Momentary Lever Arm Micro Roller Limit Switch for Industrial machinery, Machine tools, Robotics and automation etc.",158,"Buy 2 items, get 5% off",industrial machinery,1
Industrial Machinery Repair : Best Maintenance Practices Pocket Guide,698,bySmith,industrial machinery,1
Industrial Tribology: Sustainable Machinery and Industry 4.0 (Manufacturing Design and Technology),"8,986","byAlessandro Ruggiero,J. Paulo Davim, et al.",industrial machinery,1
"GKP Heavy Duty V-Belt, Industrial Machinery Fan Belt, Black, Multipurpose Applications (B 50)",275,"FREE deliveryWed, 27 Aug",industrial machinery,1
"QUICK CLICK NYLON TIMING BELT | NAYLON TEETH BELT FOR SEALING MACHINE, FOR BAND SEALER MACHINE AND OTHER INDUSTRIAL MACHINERY | FULL ROUND SIZE: 428MM-106 TEETH (PACK OF 10 PCS)",582,"FREE deliverySat, 30 Aug",industrial machinery,1
Hartley HY-CT-8TH Cargo Trolley with Handle 360 Degree Rotation Heavy Duty Industrial Machinery Mover Lifter Dolly Skate Roller,"7,399",FREE delivery23 - 26 Aug,industrial machinery,1
Machinery's Handbook,"11,208","byErik Oberg,Franklin Jones, et al.",industrial machinery,1
Lubrication and Maintenance of Industrial Machinery: Best Practices and Reliability,"13,466.",byRobert M. GreshamandGeorge E. Totten,industrial machinery,1
"NH 2210 Bearing | High-Load Capacity | Precision Industrial Bearing for Motors, Gearboxes & Machinery Applications",799,"FREE deliverySun, 31 Aug",industrial machinery,1
"20 Pcs Extension Compressed Stainless Steel Spring Assortment, Small Dual Hook Tension Springs for Machinery Construction Industrial",199,"FREE deliveryThu, 28 Aug",industrial machinery,1
"QUICK CLICK NYLON TIMING BELT | NAYLON TEETH BELT FOR SEALING MACHINE, FOR BAND SEALER MACHINE AND OTHER INDUSTRIAL MACHINERY | FULL ROUND SIZE: 410MM-102 TEETH (COLOUR ORANGE) (PACK OF 6 PCS)",444,"FREE deliverySat, 30 Aug",industrial machinery,1
"QUICK CLICK NYLON TIMING BELT | NAYLON TEETH BELT FOR SEALING MACHINE, FOR BAND SEALER MACHINE AND OTHER INDUSTRIAL MACHINERY | FULL ROUND SIZE: 428MM-106 TEETH (PACK OF 6 PCS)",378,"FREE deliverySat, 30 Aug",industrial machinery,1
MIKANIX MX-40 Cleaner | Rust Remover Aerosol Spray To Remove Rust From Chain | Jammed locks | Rusted Door Hinges For Automobiles | Tools | Industrial Machinery & Household Items (500 ML),289,Liquid,industrial machinery,1
"Machinery's Handbook, 28th Ed. (International Paperback Toolbox Ed. )",410,byOberg,industrial machinery,1
"SIE 220V AC Power Cooling Fan 4.75"" *4.75""1.5"" Axial alluminum Black Fan For Networking Rack Server Network Enclosure PC Electric Panel Industrial Control Panel Industrial Machinery (4 inch)",329,"FREE deliverySat, 30 Aug",industrial machinery,1
"Prakash Reverse Forward Switch|Designed to Control the Direction of Rotation of a Motor|Suitable for Electric Vehicles, Cranes, Winches, Industrial Machinery, and Garage Door Openers(16Amp X 415Volts)",629,"FREE deliveryFri, 29 Aug",industrial machinery,1
"QUICK CLICK NYLON TIMING BELT | NAYLON TEETH BELT FOR SEALING MACHINE, FOR BAND SEALER MACHINE AND OTHER INDUSTRIAL MACHINERY | FULL ROUND SIZE: 428MM-106 TEETH (PACK OF 2 PCS)",186,"FREE deliverySat, 30 Aug",industrial machinery,1
INTRODUCTION TO INDUSTRIAL ROBOTICS,562,byRamachandran Nagarajan,industrial machinery,1
"AC Solenoid Operated Drum Brake – Electromagnetic Industrial Brake for Cranes & Heavy Machinery – High Torque, Self-Adjusting, Reliable Performance (Voltage - 415 V, 4 Inch)","5,999",5% off coupon appliedSave 5%with coupon,industrial machinery,1
Machinery's Handbook & the Guide Combo: Toolbox,"14,500","byErik Oberg,Franklin D Jones, et al.",industrial machinery,1
"ERH India 2 Pcs 16 Amp Limit Switch 220v AC 3 Pin Momentary Lever Arm Micro Limit Switch for Industrial machinery, Machine tools, Robotics and automation etc.",158,"Buy 2 items, get 5% off",industrial machinery,1
"QUICK CLICK NYLON TIMING BELT | NAYLON TEETH BELT FOR SEALING MACHINE, FOR BAND SEALER MACHINE AND OTHER INDUSTRIAL MACHINERY | FULL ROUND SIZE: 410MM-102 TEETH (COLOUR ORANGE) (PACK OF 2 PCS)",286,"FREE deliverySat, 30 Aug",industrial machinery,1
Industrial Machinery World Summary: Market Values & Financials by Country (PureData World Summary Book 6408),"11,519.",byEditorial DataGroup,industrial machinery,1
"Dictionary of Manufactures, Mining, Machinery, and the Industrial Arts","2,658.",byGeorge Dodd,industrial machinery,1
Industrial Machinery & Equipment Wholesale Revenues World Summary: Market Values & Financials by Country (PureData World Summary Book 1628),"11,519.",byEditorial DataGroup,industrial machinery,1
Miscellaneous Industrial Machinery World Summary: Market Values & Financials by Country (PureData World Summary Book 1223),"11,519.",byEditorial DataGroup,industrial machinery,1
"GKP Heavy Duty V-Belt, Industrial Machinery Fan Belt, Black, Multipurpose Applications (B-33)",199,"FREE deliveryWed, 27 Aug",industrial machinery,1
Industrial Machinery & Equipment Miscellaneous Wholesale Revenues World Summary: Market Values & Financials by Country (PureData World Summary Book 1638),"11,519.",byEditorial DataGroup,industrial machinery,1
STANLEY 4-91-444 Combination Spanner Set with Ratchet (Set of 6),"4,698","FREE deliverySun, 24 Aug",industrial machinery,1
"QUICK CLICK NYLON TIMING BELT | NAYLON TEETH BELT FOR SEALING MACHINE, FOR BAND SEALER MACHINE AND OTHER INDUSTRIAL MACHINERY | FULL ROUND SIZE: 410MM-102 TEETH (COLOUR ORANGE) (PACK OF 4 PCS)",356,"FREE deliverySat, 30 Aug",industrial machinery,1
Commercial & Industrial Machinery & Equipment Repair Revenues World Summary: Market Values & Financials by Country (PureData World Summary Book 3298),"11,519.",byEditorial DataGroup,industrial machinery,1
"BOLTZ CORPORATION Mini Electric Hoist With Electric Trolley, Single Phase 100% Copper Winding Rpa1500 (1500Kg)",N/A,,industrial machinery,1
Commercial & Industrial Machinery Repair & Maintenance Revenues World Summary: Market Values & Financials by Country (PureData World Summary Book 3293),"11,519.",byEditorial DataGroup,industrial machinery,1
Snap Rings Pliers 9 inch for Industrial Machinery Maintenance Automotive| Universal Fit | High-Performance,"1,852",4% off coupon appliedSave 4%with coupon,industrial machinery,1
"MEDBUDDY Stainless Steel Air Compressor, Duster Air Blow Gun Industrial Air Blow Gun, Pneumatic Instruments Dust Cleaning For Watches, Car And Precision Machinery (Random Colors)",299,"FREE deliveryWed, 27 Aug",industrial machinery,1
"Conquer the Industrial Machinery Field: A Comprehensive Guide to Careers as Machinery Mechanics, Maintenance Workers, and Millwrights (Vocational Guidance)",449,byPhilip Martin McCaulay,industrial machinery,1
"Packing, Packaging & Bottling Machinery for Industrial Food Products World Summary: Market Sector Values & Financials by Country (PureData World Summary Book 5301)","11,519.",byEditorial DataGroup,industrial machinery,1
Machinery's Handbook: Guide to the Use of Tables and Formulae,500,"byRobert E. Green,Amiss, et al.",industrial machinery,1
Bernette b44 FUNLOCK Overlock Sewing Machine | 15 Stitch Patterns | 2/3/4 Thread Overlock | 1300 Stitches SPM | 3-7mm Overlock & 1.5mm Roll Hem Stitches| By BERNINA Switzerland | White,"65,000",Metal,industrial machinery,1
"Electrical Installations of Electric Light, Power, Traction and Industrial Electrical Machinery, Vol. 4 (Classic Reprint)","1,070",byRankin Kennedy,industrial machinery,1
UJEAVETTE Snap Rings Pliers 9 inch for Industrial Machinery Maintenance Automotive,"1,912",FREE delivery28 - 30 Aug,industrial machinery,1
MIKANIX MX-40 Cleaner | Rust Remover Aerosol Spray To Remove Rust From Chain | Jammed locks | Rusted Door Hinges For Automobiles | Tools | Industrial Machinery & Household Items (150 ML),259,Liquid,industrial machinery,1
"Prakash Metal Clad Switch| Electrical Main Switch for Power Distribution Systems, Motor Control Centers,Industrial Machinery| Commonly Used in Industrial and Commercial settings (16 Amp x 240 Volts)",699,"FREE deliveryFri, 29 Aug",industrial machinery,1
Long Nose 6 Inch(NBL-06) | Combination Cutting Plier Tool Kit | Anti-Rust Black Finish | For Holding And Cutting Wires | Industrial & Mechanical Tools | Tools For Electrical Repairs,150,"Buy 2 items, get 5% off",industrial machinery,1
VAR TECH 936A Soldering station 200 to 480 °C Industrial grade,"4,850",2% off coupon appliedSave 2%with coupon,industrial machinery,2
Bosch Metal GIS 500 Industrial Temperature Measuring Device -30?C to +500?C (Only for Industrial uses),"4,880",2% off coupon appliedSave 2%with coupon,industrial machinery,2
"IONIX Brass solenoid valve 1 inch for industrial water purifier, irrigation, overhead tank, Normally closed type sv 220V AC","2,108","FREE deliverySun, 24 Aug",industrial machinery,2
"GOLD KING SCALE Weight Machine – Advanced 30kg Capacity, Multipurpose Weighing Machine, Price Computing, and Receipt Printing | Ideal for Sweet Shops, Vegetable Shops, and Industries","19,499",5% off coupon appliedSave 5%with coupon,industrial machinery,2
Safety with Machinery,"9,546",byJohn RidleyandDick Pearce,industrial machinery,2
Industrial Machinery Repair,258,byLeo Nergard,industrial machinery,2
"TOYOPOWER Industrial V-Belt, B-Section B-56, for Machinery and Tools (B-56)",750,FREE delivery3 - 6 Sept,industrial machinery,2
Culnflun Chain Master Link 25h High Strength Cast Iron Connectors Easy Installation for Industrial Machinery and Heavy Duty Applications 10PCS,"5,498",FREE delivery11 - 15 Sept,industrial machinery,2
"Metal Garden Hose Holder, Wall Mounted, Heavy Duty Water Pipe Hanger for Outside Yard, Garage Equipment, Industrial Machinery",399,"FREE deliverySat, 30 Aug",industrial machinery,2
"TOYOPOWER Industrial V-Belt, B-Section B-53, for Machinery and Tools (B-53)",715,FREE delivery3 - 6 Sept,industrial machinery,2
PERFECT TECH Combination Cutting Plier | Combination Plier 8-inch | Industrial & Plumber Hand Tools | Plier Tool Kit | Pliers original | 205MM/ 8 Inch | Lineman Plier | Anti-Rust Properties Gripping,165,"Buy 2 items, get 5% off",industrial machinery,2
"ZUBSHA ENTERPRISES 10 Pcs 6002-2RS Ball Bearings (15x32x9mm), Double Rubber Black Seal Bearing, Deep Groove for Home, Garden Machinery,Industrial Equipment, Electric Toys and Tool, etc. (10)",399,₹150 deliveryToday,industrial machinery,2
Industrial Sewing Machines & Machinery & Parts World Summary: Market Sector Values & Financials by Country (PureData World Summary Book 5427),"11,519.",byEditorial DataGroup,industrial machinery,2
Sales and Post-Sales Scripts for Industrial Machinery and Equipment (Sales Scripts Series),199,byVijay Martis,industrial machinery,2
"PERFECT TECH Nose Plier Combo 6 Inch (NPL-06 & NBL-06) | Heavy Duty Combination Long Nose | Industrial Servicing Hand Tools | Tool For Holding, Gripping & Cutting Wires | Pliers For Electrical Repair",210,"Buy 2 items, get 5% off",industrial machinery,2
"TOYOPOWER Industrial V-Belt, B-Section B-65, for Machinery and Tools (B-65)",875,FREE delivery3 - 6 Sept,industrial machinery,2
"TOYOPOWER Industrial V-Belt, B-Section B-49, for Machinery and Tools (B-49)",685,FREE delivery3 - 6 Sept,industrial machinery,2
"Set of 2 Milling Hand Wheel, 1pcs 63mm Solid Hand Wheel Scale Handwheel Machinery Accessaries for Industrial Machine Tools Milling Machine Lathes Grinders","3,397.",FREE delivery23 - 26 Sept,industrial machinery,2
"TOYOPOWER Industrial V-Belt, B-Section B-46, for Machinery and Tools (B-46)",660,FREE delivery3 - 6 Sept,industrial machinery,2
"Eastman 38mm Single Open Jaw End Spanner, High Carbon Steel, Chrome Plated, Ideal for Plumbing, Automotive Repair, Machinery Maintenance & Furniture Assembly (E-2083)",259,"FREE deliveryFri, 29 Aug",industrial machinery,2
"Corvids 150 Kg Stair Climbing Steel Hand Truck, Portable Strong Dolly Cart with Foldable Platform and Extendable Handle Ideal for Home, Office & Industrial Use","4,699","FREE deliveryMon, 1 Sept",industrial machinery,2
"UNItech Electronic Price Computing Scale with Digital Display, Dual LCD Screen, Commercial Weighing Machine","4,300",5% off coupon appliedSave 5%with coupon,industrial machinery,2
"VELVON 1/4"" Industrial Ball Valve, 10mm, Metal Body, Gray",499,"FREE deliverySat, 30 Aug",industrial machinery,2
"High-Quality Industrial Survey Chain: 20 Meter Ground Measuring Chain/Land Surveying Equipment with Brass Tags, Brass Handle, 6mm Thickness, 100 Links 5.412 kg - Industrial & Scientific","1,899","FREE deliverySun, 31 Aug",industrial machinery,2
"TOYOPOWER Industrial V-Belt, B-Section B-116, for Machinery and Tools (B-116)","1,565",FREE delivery3 - 6 Sept,industrial machinery,2
2019 Global Manufacturing & Markets-Industrial Machinery & Engines,"10,550",byCraig Barnes,industrial machinery,2
Heavy Equipment Operation and Maintenance Manual,"5,980",byErnesto A. Guzman,industrial machinery,2
THE SCIENCE OF INDUSTRIAL MACHINERY & SYSTEMS MAINTENANCE: THE SCIENCE OF INDUSTRIAL MACHINERY & SYSTEMS MAINTENANCE,0,byBENSON OKAH - AVAEandEWOMA OKAH-AVAE,industrial machinery,2
"MACHINERY LUBRICATION TECHNICIAN (MLT) I AND II CERTIFICATION EXAM GUIDE, 31 ST EDITION","4,403",byMichael D. HollowayandSanya Mathura,industrial machinery,2
R&D Meanwell SMPS LRS-150-24 24V DC 6.5A 150W Switching Power Supply for Industrial Automation Machinery,"1,649","FREE deliveryThu, 28 Aug",industrial machinery,2
"TOYOPOWER Industrial V-Belt B-109, B-Section, for Machinery and Tools","1,470",FREE delivery3 - 6 Sept,industrial machinery,2
"Electrical Installations Of Electric Light, Power, Traction And Industrial Electrical Machinery: Instruments, Transformers, Installation Wiring, Switches And Switchboards","1,793",byRankin Kennedy,industrial machinery,2
"TOYOPOWER Industrial V-Belt, B-Section B-79, for Machinery and Tools (B-79)","1,085",FREE delivery3 - 6 Sept,industrial machinery,2
"TOYOPOWER Industrial V-Belt, B-Section B-123, for Machinery and Tools (B-123)","1,636",FREE delivery3 - 6 Sept,industrial machinery,2
"TOYOPOWER Industrial V-Belt, B-Section B-106, for Machinery and Tools (B-106)","1,420",FREE delivery3 - 6 Sept,industrial machinery,2
"TOYOPOWER Industrial V-Belt, B-Section B-112, for Machinery and Tools (B-112)","1,520",FREE delivery3 - 6 Sept,industrial machinery,2
"The Age of Machinery – Engineering the Industrial Revolution, 1770–1850: 12 (People, Markets, Goods: Economies and Societies in History)","2,104",byGillian Cookson,industrial machinery,2
Condition Monitoring of Industrial Machinery,"5,962",byRameshkumar G R,industrial machinery,2
Portable Real Time Datalogger Type Vibration Meter for Industrial Machinery Vibrates | Model: VB-8206SD,"39,520",FREE delivery1 - 4 Oct,industrial machinery,2
"AASONS Offset Extension Wrench Spanner Tool 39cm With Adaptor ¼”, ½” & 3/8” Inch Square Drive Multifunctional Zero Degree Socket Handle For Tight & Hard to Reach Space Useful In Automobile & Machinery",949,"FREE deliveryWed, 27 Aug",industrial machinery,2
The Machinery of Progress: The Lessons from the First and Second Industrial Revolutions (Science and Technology Book 108),0,byKam NgandChatGPT,industrial machinery,2
"32213, Tapered Roller Bearing, machinery, high load bearing (Pack of 1)",699,"FREE deliverySun, 31 Aug",industrial machinery,2
Safety in Industrial Machineries,"4,297",byRamesh Shanmugam,industrial machinery,2
"Long Nose Plier 6 Inch(NPL-06) | Heavy Duty Combination Long Nose | Industrial Servicing Hand Tools | Tool For Holding, Gripping & Cutting Wires | Pliers For Electrical Repair",150,"Buy 2 items, get 5% off",industrial machinery,2
"SASALES 6204-2RS 20x47x14mm deep Groove Ball Bearing with Double Rubber Seal ABEC-5 pre-Lubricated, Suitable for Garden Machinery, Electric Toys and Tools, etc. (PACK OF 10PCS)",699,"FREE deliveryWed, 27 Aug",industrial machinery,2
"Understanding The Practice Of Health, Safety And Environment In The Industrial Machinery Industry (A Collection Of Books On How To Solve That Problem)",449,bySaturday  Ugbogonogo,industrial machinery,2
"1Pcs 304 Stainless Steel Detachable Hinge,Distribution Control Cabinet Door, Industrial Machinery Box, Transformer Hinges","10,520",FREE delivery13 - 17 Sept,industrial machinery,2
Machinery's Handbook,"49,000","byErik Oberg,Franklin D. Jones, et al.",industrial machinery,2
Industrial Automation: Hands On,"6,035.",byFrank Lamb,industrial machinery,2
"SPACEKEEPER Workbench Casters kit 660 Lbs - 4 Heavy Duty Retractable Caster Wheels Designed for Workbenches Machinery & Tables, Install Template Included","7,481","Buy 2 items, get 3% off",industrial machinery,2
"Pongnas 80mm Solid Bakelite Hand Wheel, Industrial Machine Tools Handwheel with Handle, Easy to Move, Novel Model, Inner Diameter 10mm * 0.4in, for Replacing Broken One, Widely Used in","3,543.",FREE delivery3 - 6 Sept,industrial machinery,2
Machinery's Handbook & Digital Edition Combo: Large Print,"14,145.","byErik Oberg,Franklin D Jones, et al.",industrial machinery,2
Gulshan Export India B38 Belt Machinery V belt,259,"₹65 deliverySat, 30 Aug",industrial machinery,2
XK550 304 Stainless Steel Casting Industrial Hinge Internal Thread Installation Heavy Industrial Machinery Equipment 1Pcs(XK550-3-304),"9,475",FREE delivery13 - 17 Sept,industrial machinery,2
Machinerys Handbook,N/A,"byErik Oberg,Christopher J. McCauley, et al.",industrial machinery,2
MS714-4 Cabinet Lock Tongue for Distribution Box Door MS714 Cylindrical Handle Switch Industrial Machinery 1Pcs,"9,900",FREE delivery13 - 17 Sept,industrial machinery,2
"Hi-Tech Impulse 8 Inch-200 millimeter Heat Sealer Machine for Plastic, Pouch, Poly Bag and Food Packet Sealing Machine with Extra Strip | Home and Business Use | 1-Year Warranty – Blue",899,5% off coupon appliedSave 5%with coupon,industrial machinery,2
CLUB TWENTY ONE Men's Cotton Coverall for Industrial and Protective Use with Certified Reflective Tape,"1,299",2% off coupon appliedSave 2%with coupon (limited sizes/colours),industrial machinery,2
"Industrial Polyurethane Forklift Wheel, Orange and Black (8, Orange)","2,649",7% off coupon appliedSave 7%with coupon,industrial machinery,2
R&D Meanwell SMPS LRS-600-24 Power Supply (24v-600w) For Industrial Automation machinery,"4,629","FREE deliveryThu, 28 Aug",industrial machinery,2
"DeReliable Unisex 850W Horse Electric Hair Clipper, Goat Hair Shearing Machine (Ideal for Horse, Goat - Multicolour)","5,999",Up to 5% back with Amazon Pay ICICI cardUp to 5% back with Amazon Pay...,industrial machinery,3
"Industrial Polyurethane Forklift Wheel, Orange and Black (18, Orange)","6,199",7% off coupon appliedSave 7%with coupon,industrial machinery,3
"FJXBYWM 2PCS Grease Gun Coupler Grease Gun Lock Coupler, Grease Gun Tips Locking Grease Joint Fittings Compatible with All Grease Guns, Suitable for Automobiles, Ships Industrial Machinery Etc.",449,"FREE deliverySun, 31 Aug",industrial machinery,3
SeMi AuToMaTiC FoLdInG 9L SmAlL MiNi WaShInG MaChInE WiTh DrYeR DeEp CLeAnInG FoR UnDeRwEaR WaShINg MaChInE SeMi AuToMaTiC N34,"2,098",Up to 5% back with Amazon Pay ICICI cardUp to 5% back with Amazon Pay...,industrial machinery,3
"TOYOPOWER Industrial V-Belt, B-Section B-43, for Machinery and Tools (B-43)",630,FREE delivery3 - 6 Sept,industrial machinery,3
"Generic Motor Centrifugal Switch, 1500RPM 25mm Centrifugal Switch Accessory Electric Motor Part for Single-phase Motor Stitching Machinery Industrial Machines'","1,540",FREE delivery15 - 18 Sept,industrial machinery,3
"Electrical Installations of Electric Light, Power, Traction and Industrial Electrical Machinery","1,844",byRankin Kennedy,industrial machinery,3
"TOYOPOWER Industrial V-Belt, B-Section B-60, for Machinery and Tools (B-60)",795,FREE delivery3 - 6 Sept,industrial machinery,3
"TOYOPOWER Industrial V-Belt, B-Section B-71, for Machinery and Tools (B-71)",900,"FREE deliverySat, 30 Aug",industrial machinery,3
Marine Auxiliary Machinery,"4,181",byH D MCGEORGE,industrial machinery,3
The 2018-2023 World Outlook for Industrial Machinery and Equipment for Heat-treating Milk and Dairy Products,N/A,byIcon Group International,industrial machinery,3
"TOYOPOWER Industrial V-Belt, B-Section B-67, for Machinery and Tools (B-67)",905,FREE delivery3 - 6 Sept,industrial machinery,3
"TOYOPOWER Industrial V-Belt, B-Section B-55, for Machinery and Tools (B-55)",740,FREE delivery3 - 6 Sept,industrial machinery,3
"Electrical Installations of Electric Light, Power, Traction and Industrial Electrical Machinery; Volume 01","1,840",byRankin Kennedy,industrial machinery,3
"TOYOPOWER Industrial V-Belt, B-Section B-52, for Machinery and Tools (B-52)",705,FREE delivery3 - 6 Sept,industrial machinery,3
"TOYOPOWER Industrial V-Belt, B-Section B-58, for Machinery and Tools (B-58)",780,FREE delivery3 - 6 Sept,industrial machinery,3
The 2018-2023 World Outlook for Industrial Machinery and Equipment for Freezing and Rapid Chilling of Food Products,N/A,byIcon Group International,industrial machinery,3
"Sheet Metal Workers' Manual; a Complete, Practical Instruction Book on the Sheet Metal Industry, Machinery and Tools, and Related Subjects, Including the Oxy-acetylen Welding and Cutting Process","2,162",byL (Louis) B 1885 BroemelandJames S (James Sharkey) B Daugherty,industrial machinery,3
"TOYOPOWER Industrial V-Belt, B-Section B-59, for Machinery and Tools (B-59)",790,FREE delivery3 - 6 Sept,industrial machinery,3
Modern Cotton Spinning Machinery,"2,347",byJoseph Nasmith,industrial machinery,3
"Safety Plus Fire Extinguisher 6kg for Home, Office & Industrial Use","1,799",,industrial machinery,3
SeMi AuToMaTiC FoLdInG 11L SmAlL MiNi WaShInG MaChInE WiTh DrYeR DeEp CLeAnInG FoR UnDeRwEaR WaShINg MaChInE SeMi AuToMaTiC N85,"1,998",Up to 5% back with Amazon Pay ICICI cardUp to 5% back with Amazon Pay...,industrial machinery,3
"LED Warning Light, Rotating, 12V-24V DC, Industrial Emergency Signal Light, Industrial Light, Signal Flash Warnings Light Tower Lamp (Red)",629,"FREE deliveryTue, 26 Aug",industrial machinery,3
advancedestore Presser Feet for Home Machine Small Sewing Machine Feets (Right-1+Left-1),169,"FREE deliveryTue, 26 Augon ₹499 of items fulfilled by Amazon",industrial machinery,3
High-Speed and Carbon Tool Steels: Machinery's Reference Series No. 117 (1914),"3,214",byThe Industrial Press,industrial machinery,3
Essential Equipment Installation Procedures for the Plant Industry: Comprehensive Guidelines for Effective Machinery Setup and Safety in Industrial Projects,0,byMech. Plant,industrial machinery,3
Machinery's Handbook Pocket Companion: Quick Access to Basic Data & More from the 31st Edition,"4,041.","byErik Oberg,Franklin D. Jones, et al.",industrial machinery,3
"TOYOPOWER Industrial V-Belt, B-Section B-70, for Machinery and Tools (B-70)",950,FREE delivery3 - 6 Sept,industrial machinery,3
"TOYOPOWER Industrial V-Belt, B-Section B-94, for Machinery and Tools (B-94)","1,245",FREE delivery3 - 6 Sept,industrial machinery,3
"TOYOPOWER Industrial V-Belt, B-Section B-57, for Machinery and Tools (B-57)",770,FREE delivery3 - 6 Sept,industrial machinery,3
"I Can't Fix Stupid But I'm A Fairly Decent Industrial Machinery Mechanic: Funny Blank Lined Notebook For Coworker, Boss & Friend",N/A,byOccupation's Notebooks Publishing,industrial machinery,3
"TOYOPOWER Industrial V-Belt, B-Section B-80, for Machinery and Tools (B-80)","1,097",FREE delivery3 - 6 Sept,industrial machinery,3
"TOYOPOWER Industrial V-Belt, B-Section B-61, for Machinery and Tools (B-61)",810,FREE delivery3 - 6 Sept,industrial machinery,3
"TOYOPOWER Industrial V-Belt, B-Section B-89, for Machinery and Tools (B-89)","1,195",FREE delivery3 - 6 Sept,industrial machinery,3
"TOYOPOWER Industrial V-Belt, B-Section B-85, for Machinery and Tools (B-85)","1,140",FREE delivery3 - 6 Sept,industrial machinery,3
Industrial Machinery and Equipment Pricing Guide: 1977-1978,N/A,byCharles B. Land,industrial machinery,3
PLAFOPE 1pcs Industrial Ball Casters Roller Ball Transfer Bearing Bearing Caster for Machinery,"4,398",FREE delivery11 - 15 Sept,industrial machinery,3
"TOYOPOWER Industrial V-Belt, B-Section B-98, for Machinery and Tools","1,285",FREE delivery3 - 6 Sept,industrial machinery,3
"TOYOPOWER Industrial V-Belt, B-Section B-127, for Machinery and Tools (B-127)","1,695",FREE delivery3 - 6 Sept,industrial machinery,3
Practical Machinery Safety,950,byDavid Macdonald,industrial machinery,3
"TOYOPOWER Industrial V-Belt, B-Section B-110, for Machinery and Tools (B-110)","1,490","FREE deliverySat, 30 Aug",industrial machinery,3
"TOYOPOWER Industrial V-Belt, B-Section B-125, for Machinery and Tools (B-125)","1,660",FREE delivery3 - 6 Sept,industrial machinery,3
"TOYOPOWER Industrial V-Belt, B-Section B-62, for Machinery and Tools (B-62)",840,FREE delivery3 - 6 Sept,industrial machinery,3
"TOYOPOWER Industrial V-Belt, B-Section B-122, for Machinery and Tools (B-122)","1,625",FREE delivery3 - 6 Sept,industrial machinery,3
"TOYOPOWER Industrial V-Belt, B-Section B-86, for Machinery and Tools (B-86)","1,155",FREE delivery3 - 6 Sept,industrial machinery,3
"Heat Pump Dryers: Theory, Design and Industrial Applications [Hardcover] Alves-Filho, Odilio","7,835",byOdilio Alves-Filho,industrial machinery,3
"TOYOPOWER Industrial V-Belt, B-Section B-91, for Machinery and Tools (B-91)","1,215",FREE delivery3 - 6 Sept,industrial machinery,3
"TOYOPOWER Industrial V-Belt, B-Section B-64, for Machinery and Tools (B-64)",860,FREE delivery3 - 6 Sept,industrial machinery,3
"TOYOPOWER Industrial V-Belt, B-Section B-63, for Machinery and Tools (B-63)",850,FREE delivery3 - 6 Sept,industrial machinery,3
"TOYOPOWER Industrial V-Belt, B-Section B-69, for Machinery and Tools (B-69)",940,FREE delivery3 - 6 Sept,industrial machinery,3
"TOYOPOWER Industrial V-Belt, B-Section B-66, for Machinery and Tools (B-66)",890,FREE delivery3 - 6 Sept,industrial machinery,3
"TOYOPOWER Industrial V-Belt, B-Section B-75, for Machinery and Tools (B-75)","1,020",FREE delivery3 - 6 Sept,industrial machinery,3
"TOYOPOWER Industrial V-Belt, B-Section B-72, for Machinery and Tools (B-72)",990,FREE delivery3 - 6 Sept,industrial machinery,3
INDUSTRIAL A. C. MACHINES - For Diploma in Electrical Engineering - As per MSBTE's I Scheme Syllabus - Third Year (TY) Semester 5 (V),240,byB. H. Deshmukh,industrial machinery,3
"TOYOPOWER Industrial V-Belt, B-Section B-68, for Machinery and Tools (B-68)",920,FREE delivery3 - 6 Sept,industrial machinery,3
The 2018-2023 World Outlook for Automatic Industrial Sewing Machinery,N/A,,industrial machinery,3
HYCO Pneumatic Air Compressor Flexible Tubing PU Hose Tube Pipe 100 Meter (10mm ID X 12mm OD),"3,485","FREE deliveryWed, 27 Aug",industrial machinery,3
SeMi AuToMaTiC FoLdInG 11L SmAlL MiNi WaShInG MaChInE WiTh DrYeR DeEp CLeAnInG FoR UnDeRwEaR WaShINg MaChInE SeMi AuToMaTiC E86,"1,998",Up to 5% back with Amazon Pay ICICI cardUp to 5% back with Amazon Pay...,industrial machinery,3
advancedestore Set of 2 ZigZag Feet Small Sewing Machine Machine Foot (Steel)-Zig Zag Machine Foot,209,"FREE deliveryTue, 26 Augon ₹499 of items fulfilled by Amazon",industrial machinery,3
SeMi AuToMaTiC FoLdInG 9L SmAlL MiNi WaShInG MaChInE WiTh DrYeR DeEp CLeAnInG FoR UnDeRwEaR WaShINg MaChInE SeMi AuToMaTiC A3,"1,998",Up to 5% back with Amazon Pay ICICI cardUp to 5% back with Amazon Pay...,industrial machinery,3
"TOYOPOWER Industrial V-Belt, B-Section B-90, for Machinery and Tools (B-90)","1,195","FREE deliverySat, 30 Aug",industrial machinery,4
Pump Handbook,"16,860.","byIgor Karassik,Joseph Messina, et al.",industrial machinery,4
"TOYOPOWER Industrial V-Belt, B-Section B-104, for Machinery and Tools (B-104)","1,389",FREE delivery3 - 6 Sept,industrial machinery,4
"TOYOPOWER Industrial V-Belt, B-Section B-134, for Machinery and Tools (B-134)","1,755",FREE delivery3 - 6 Sept,industrial machinery,4
"TOYOPOWER Industrial V-Belt, B-Section B-77, for Machinery and Tools (B-77)","1,050",Up to 5% back with Amazon Pay ICICI cardUp to 5% back with Amazon Pay...,industrial machinery,4
"TOYOPOWER Industrial V-Belt, B-Section B-172, for Machinery and Tools (B-172)","2,220",FREE delivery3 - 6 Sept,industrial machinery,4
The 2018-2023 World Outlook for Automatic Industrial Sewing Machinery,N/A,,industrial machinery,4
"TOYOPOWER Industrial V-Belt, B-Section B-108, Black, 31 cm, for Machinery and Tools","1,450",FREE delivery3 - 6 Sept,industrial machinery,4
Report On Machinery and Processes of the Industrial Arts and Apparatus of the Exact Sciences,"1,898",byFrederick Augustus Porter Barnard,industrial machinery,4
"TOYOPOWER Industrial V-Belt, B-Section B-124, for Machinery and Tools (B-124)","1,645",FREE delivery3 - 6 Sept,industrial machinery,4
"TOYOPOWER Industrial V-Belt, B-Section B-84, for Machinery and Tools (B-84)","1,135",FREE delivery3 - 6 Sept,industrial machinery,4
"Machinery's Reference Series, Issues 1-40","3,148",22 May 2025,industrial machinery,4
PROCESS MACHINERY: COMMISSIONING AND STARTUP – AN ESSENTIAL ASSET MANAGEMENT ACTIVITY (De Gruyter STEM),"7,636",byFred K. GeitnerandRonald G. Eierman,industrial machinery,4
Gulshan Export India K19 Belt Machinery V Belt,199,"₹65 deliverySat, 30 Aug",industrial machinery,4
"TOYOPOWER Industrial V-Belt, B-Section B-102, for Machinery and Tools (B-102)","1,350",FREE delivery3 - 6 Sept,industrial machinery,4
"TOYOPOWER Industrial V-Belt, B-Section B-73, for Machinery and Tools (B-73)","1,000",FREE delivery3 - 6 Sept,industrial machinery,4
"TOYOPOWER Industrial V-Belt, B-Section B-74, for Machinery and Tools (B-74)","1,015",FREE delivery3 - 6 Sept,industrial machinery,4
The 2018-2023 World Outlook for Industrial Bakery Machinery and Equipment,N/A,byIcon Group International,industrial machinery,4
Book on Soviet Machinery and Industrial Equipment on the World Market,"1,817",byCentral Intelligence Agency,industrial machinery,4
"TOYOPOWER Industrial V-Belt, B-Section B-78, for Machinery and Tools (B-78)","1,075",FREE delivery3 - 6 Sept,industrial machinery,4
"TOYOPOWER Industrial V-Belt, B-Section B-88, for Machinery and Tools (B-88)","1,185",FREE delivery3 - 6 Sept,industrial machinery,4
"TOYOPOWER Industrial V-Belt, B-Section B-76, for Machinery and Tools (B-76)","1,035",FREE delivery3 - 6 Sept,industrial machinery,4
Optimization Methods in Manufacturing Processes: A Machine-generated Literature Overview,"25,209",byAnand J. Kulkarni,industrial machinery,4
"TOYOPOWER Industrial V-Belt, B-Section B-150, for Machinery and Tools (B-150)","1,980",FREE delivery3 - 6 Sept,industrial machinery,4
"TOYOPOWER Industrial V-Belt, B-Section B-118, for Machinery and Tools (B-118)","1,586",FREE delivery3 - 6 Sept,industrial machinery,4
Handbook of Ai-based Mechatronics Systems and Smart Solutions in Industrial Automation,"23,155","byPushpalatha Naveenkumar,Vandana Sharma, et al.",industrial machinery,4
"TOYOPOWER Industrial V-Belt, B-Section B-126, for Machinery and Tools (B-126)","1,685",FREE delivery3 - 6 Sept,industrial machinery,4
"TOYOPOWER Industrial V-Belt, B-Section B-117, for Machinery and Tools (B-117)","1,570",FREE delivery3 - 6 Sept,industrial machinery,4
"TOYOPOWER Industrial V-Belt, B-Section B-128, for Machinery and Tools (B-128)","1,715",FREE delivery3 - 6 Sept,industrial machinery,4
"TOYOPOWER Industrial V-Belt, B-Section B-103, for Machinery and Tools (B-103)","1,375",FREE delivery3 - 6 Sept,industrial machinery,4
The 2019-2024 World Outlook for Industrial Non-Foam Machinery Plastics Products,N/A,byIcon Group International,industrial machinery,4
"TOYOPOWER Industrial V-Belt, B-Section B-107, for Machinery and Tools (B-107)","1,435",FREE delivery3 - 6 Sept,industrial machinery,4
"TOYOPOWER Industrial V-Belt, B-Section B-82, for Machinery and Tools (B-82)","1,120",FREE delivery3 - 6 Sept,industrial machinery,4
Bench Testing of Industrial Fluid Lubrication and Wear Properties Used in Machinery Applications (Astm Special Technical Publication),"4,700",byGeorge E. Totten,industrial machinery,4
"TOYOPOWER Industrial V-Belt, B-Section B-119, for Machinery and Tools (B-119)","1,590",FREE delivery3 - 6 Sept,industrial machinery,4
"Modern Refrigerating Machinery, Its Construction, Methods of Working and Industrial Applications: A Guide for Engineers and Owners of Refrigerating Plants","1,891",byHans LorenzandHarry Merritt Haven,industrial machinery,4
"TOYOPOWER Industrial V-Belt, B-Section B-129, for Machinery and Tools (B-129)","1,735",FREE delivery3 - 6 Sept,industrial machinery,4
"TOYOPOWER Industrial V-Belt, B-Section B-113, for Machinery and Tools (B-113)","1,530",FREE delivery3 - 6 Sept,industrial machinery,4
"TOYOPOWER Industrial V-Belt, B-Section B-121, for Machinery and Tools (B-121)","1,615",FREE delivery3 - 6 Sept,industrial machinery,4
"TOYOPOWER Industrial V-Belt, B-Section B-111, for Machinery and Tools (B-111)","1,515",FREE delivery3 - 6 Sept,industrial machinery,4
"TOYOPOWER Industrial V-Belt, B-Section B-83, for Machinery and Tools (B-83)","1,125",FREE delivery3 - 6 Sept,industrial machinery,4
"TOYOPOWER Industrial V-Belt, B-Section B-115, for Machinery and Tools (B-115)","1,555",FREE delivery3 - 6 Sept,industrial machinery,4
"TOYOPOWER Industrial V-Belt, B-Section B-93, for Machinery and Tools (B-93)","1,235",FREE delivery3 - 6 Sept,industrial machinery,4
"TOYOPOWER Industrial V-Belt, B-Section B-87, for Machinery and Tools (B-87)","1,165",FREE delivery3 - 6 Sept,industrial machinery,4
Gulshan Export India B95 Belt Machinery V belt,415,"₹65 deliverySat, 30 Aug",industrial machinery,4
"TOYOPOWER Industrial V-Belt, B-Section B-138, for Machinery and Tools (B-138)","1,815",FREE delivery3 - 6 Sept,industrial machinery,4
"TOYOPOWER Industrial V-Belt, B-Section B-100, for Machinery and Tools (B-100)","1,320",FREE delivery3 - 6 Sept,industrial machinery,4
"TOYOPOWER Industrial V-Belt, B-Section B-81, for Machinery and Tools (B-81)","1,110",FREE delivery3 - 6 Sept,industrial machinery,4
"TOYOPOWER Industrial V-Belt, B-Section B-133, for Machinery and Tools (B-133)","1,745",FREE delivery3 - 6 Sept,industrial machinery,5
"TOYOPOWER Industrial V-Belt, B-Section B-143, for Machinery and Tools (B-143)","1,897",FREE delivery3 - 6 Sept,industrial machinery,5
"TOYOPOWER Industrial V-Belt, B-Section B-92, for Machinery and Tools (B-92)","1,225",FREE delivery3 - 6 Sept,industrial machinery,5
"TOYOPOWER Industrial V-Belt, B-Section B-142, for Machinery and Tools (B-142)","1,875",FREE delivery3 - 6 Sept,industrial machinery,5
"TOYOPOWER Industrial V-Belt, B-Section B-114, for Machinery and Tools (B-114)","1,540",FREE delivery3 - 6 Sept,industrial machinery,5
"TOYOPOWER Industrial V-Belt, B-Section B-96, for Machinery and Tools (B-96)","1,265",FREE delivery3 - 6 Sept,industrial machinery,5
"Machinery's Reference Series, Volumes 111-120","3,396",22 May 2025,industrial machinery,5
Industrial Maintenance Process : Mechanical Maintenance,563,byP.K. DasandA.K. Das,industrial machinery,5
"Machinery's Handbook, CD-ROM Upgrade","3,999",byErik Oberg,industrial machinery,5
"TOYOPOWER Industrial V-Belt, B-Section B-120, for Machinery and Tools (B-120)","1,595",FREE delivery3 - 6 Sept,industrial machinery,5
"TOYOPOWER Industrial V-Belt, B-Section B-95, for Machinery and Tools (B-95)","1,255",FREE delivery3 - 6 Sept,industrial machinery,5
The Complete Book on Rubber Processing and Compounding Technology (with Machinery Details) 3rd Revised Edition Paperback,"2,350",byAuthor: NIIR Board of Consultants and Engineers,industrial machinery,5
"TOYOPOWER Industrial V-Belt, B-Section B-149, for Machinery and Tools (B-149)","1,970",FREE delivery3 - 6 Sept,industrial machinery,5
"TOYOPOWER Industrial V-Belt, B-Section B-99, for Machinery and Tools (B-99)","1,297",FREE delivery3 - 6 Sept,industrial machinery,5
VELOBELT A-20 v belt Machinery V belt for heavy use,229,"FREE deliveryWed, 27 Aug",industrial machinery,5
"TOYOPOWER Industrial V-Belt, B-Section B-148, for Machinery and Tools (B-148)","1,960",FREE delivery3 - 6 Sept,industrial machinery,5
"TOYOPOWER Industrial V-Belt, B-Section B-141, for Machinery and Tools (B-141)","1,855",FREE delivery3 - 6 Sept,industrial machinery,5
"TOYOPOWER Industrial V-Belt, B-Section B-136, for Machinery and Tools (B-136)","1,790",FREE delivery3 - 6 Sept,industrial machinery,5
"TOYOPOWER Industrial V-Belt, B-Section B-97, for Machinery and Tools (B-97)","1,275",FREE delivery3 - 6 Sept,industrial machinery,5
The 2018-2023 World Outlook for Industrial Non-foam Machinery Plastics Products,N/A,,industrial machinery,5
"TOYOPOWER Industrial V-Belt, B-Section B-145, for Machinery and Tools (B-145)","1,935",FREE delivery3 - 6 Sept,industrial machinery,5
"TOYOPOWER Industrial V-Belt, B-Section B-135, for Machinery and Tools (B-135)","1,770",FREE delivery3 - 6 Sept,industrial machinery,5
"TOYOPOWER Industrial V-Belt, B-Section B-132, for Machinery and Tools (B-132)","1,740",FREE delivery3 - 6 Sept,industrial machinery,5
"TOYOPOWER Industrial V-Belt, B-Section B-147, for Machinery and Tools (B-147)","1,955",FREE delivery3 - 6 Sept,industrial machinery,5
"TOYOPOWER Industrial V-Belt, B-Section B-137, for Machinery and Tools (B-137)","1,795",FREE delivery3 - 6 Sept,industrial machinery,5
"TOYOPOWER Industrial V-Belt, B-Section B-131, for Machinery and Tools (B-131)","1,730",FREE delivery3 - 6 Sept,industrial machinery,5
"TOYOPOWER Industrial V-Belt, B-Section B-144, for Machinery and Tools (B-144)","1,915",FREE delivery3 - 6 Sept,industrial machinery,5
"TOYOPOWER Industrial V-Belt, B-Section B-139, for Machinery and Tools (B-139)","1,830",FREE delivery3 - 6 Sept,industrial machinery,5
"TOYOPOWER Industrial V-Belt, B-Section B-140, for Machinery and Tools (B-140)","1,840",FREE delivery3 - 6 Sept,industrial machinery,5
"TOYOPOWER Industrial V-Belt, B-Section B-130, for Machinery and Tools (B-130)","1,725",FREE delivery3 - 6 Sept,industrial machinery,5
"TOYOPOWER Industrial V-Belt, B-Section B-146, for Machinery and Tools (B-146)","1,945",FREE delivery3 - 6 Sept,industrial machinery,5
"Machinery's Reference Series, Volumes 111-120","2,603.",22 May 2025,industrial machinery,5
"Perfumes and Flavours Technology Handbook with Manufacturing Formulations, Process, Machinery Equipment Details & Factory Layout","2,275",byDr. Himadri Panda,industrial machinery,5
Aerospace Manufacturing Processes,"6,131",byPradip K. Saha,industrial machinery,5
AI in Maintenance & Reliability: Predictive and Prescriptive Maintenance with Artificial Intelligence,449,byMohammed Hamed Ahmed  Soliman,industrial machinery,5
Technology Evaluation in Pulp and Paper Machinery Industry - A Report Prepared Under Technology Absorption and Adaptation Scheme [Paperback] Department of Scientific & Industrial Research and Ministry of Science & Technology,750,Up to 5% back with Amazon Pay ICICI cardUp to 5% back with Amazon Pay...,industrial machinery,5
Design and Applications of Coordinate Measuring Machines,"1,666",byKuang-Chao Fan,industrial machinery,5
METALWORKING,"3,830",byTom Lipton,industrial machinery,5
"The Complete Book on Printing Technology with Process Flow Diagrams, Plant Layouts and Machinery Details (Offset, Gravure, Flexographic, Security, Web Offset and Pad Printing) 2nd Revised Edition(https://www.amazon.in/npcs)","1,895",byNIIR Board of Consultants & Engineers,industrial machinery,5
Caster WheelsStrong Bearing Capacity PVC Stem Casters for Shelves Machinery Equipment (There are Brakes),"7,148",FREE delivery11 - 15 Sept,industrial machinery,5
Gulshan Export India C122 Belt Machinery V Belt,900,"₹65 deliverySat, 30 Aug",industrial machinery,5
The Safety of Machinery: Electrical Equipment of Machines,N/A,byThe British Standards Institute,industrial machinery,5
"Handbook on Printing Technology (Offset, Flexo, Gravure, Screen, Digital, 3D Printing with Book Binding and CTP) 5th Revised Edition(https://www.amazon.in/npcs)","1,875",byNIIR Board of Consultants & Engineers,industrial machinery,5
Practical Approach to Power Plant Operation and Maintenance : Based on Professional Field Experience,729,byMahesh Wali,industrial machinery,5
"Lamborghini Fenomeno: The Ultimate Hypercar Guide: An Exclusive Exploration of the World’s Most Powerful Hybrid V12 – Unveiling Performance, Design, and Cutting-Edge Technology",449,byMarmaduke  A.Smith,industrial machinery,5
"Casters, Reliable Practical Stem Casters 360° Rotation for Machinery Industry for Loader Transporter for Trolley","9,914",FREE delivery15 - 18 Sept,industrial machinery,5
"Heavy Duty Casters, 360° Rotation Casters Low Noise for Machinery Industry for Trolley for Loader Transporter","4,204",FREE delivery15 - 18 Sept,industrial machinery,5
Comment faire fonctionner un tour: Instructions étape par étape pour les nouveaux machinistes pour apprendre les opérations de tour manuel (French Edition),449,French EditionbyWilson  Morgan,industrial machinery,5
"Industrial Polyurethane Forklift Wheel, Orange and Black (8, Black)","2,699",7% off coupon appliedSave 7%with coupon,industrial machinery,6
SeMi AuToMaTiC FoLdInG 11L SmAlL MiNi WaShInG MaChInE WiTh DrYeR DeEp CLeAnInG FoR UnDeRwEaR WaShINg MaChInE SeMi AuToMaTiC W53,"2,098",Up to 5% back with Amazon Pay ICICI cardUp to 5% back with Amazon Pay...,industrial machinery,6
My Print | 15x15 DTF Heat Press Machine | Heavy Duty | Multi Purpose Use | DTF Printing | Sublimation Printing | Vinyl Printing | Screen Printing | Fusing Machine | For Business supply use [15x15 HEAT PRESS],"12,999","FREE deliveryMon, 1 Sept",industrial machinery,6
SeMi AuToMaTiC FoLdInG 11L SmAlL MiNi WaShInG MaChInE WiTh DrYeR DeEp CLeAnInG FoR UnDeRwEaR WaShINg MaChInE SeMi AuToMaTiC V43,"1,998",Up to 5% back with Amazon Pay ICICI cardUp to 5% back with Amazon Pay...,industrial machinery,6
LOOM TREE® 10pcs Gas Shielded Welding Fitting Conductive Tip for Welding C-1 | 10 Pieces Conduct Nozzles,577,FREE delivery1 - 4 Sept,industrial machinery,6
"LightBurn User Guide: The Complete Manual to Mastering Design, Laser Cutting, and Engraving like a Pro",449,byMarkham Cole,industrial machinery,6
Virtual Technical Scale Model vLTm™ 8074-1 with 58 Components. How can you do it (CAD)? (Guides to Virtual Technical Scale Models (vLTm™) Book 492),0,byJosé Luis Oliver Herrero,industrial machinery,6
Come usare un tornio: Istruzioni passo passo per i nuovi macchinisti che vogliono imparare a lavorare con il tornio manuale (Italian Edition),449,Italian EditionbyWilson  Morgan,industrial machinery,6
Virtual Technical Scale Model vLTm™ 8074-1 with 27 Parts. Assembled (CAD) and Simulated (CAE-SwM) (Guides to Virtual Technical Scale Models (vLTm™) Book 494),"1,300",byJosé Luis Oliver Herrero,industrial machinery,6
Virtual Technical Scale Model vLTm™ 8109-2 with 33 Parts. Assembled (CAD) and Ready to Simulate (CAE-RcD) (Guides to Virtual Technical Scale Models (vLTm™) Book 491),"1,300",byJosé Luis Oliver Herrero,industrial machinery,6
Virtual Technical Scale Model vLTm™ 8074-1 with 30 Parts. Work Machine (Type III) (Guides to Virtual Technical Scale Models (vLTm™) Book 493),862,byJosé Luis Oliver Herrero,industrial machinery,6
"SAFETY AND MAINTENANCE GUIDE ON FIBER LASER CUTTING MACHINES: Routine Preventive Maintenance Practices, Component Replacement and Upgrades",437,byShan  Winwall,industrial machinery,6
Virtual Technical Scale Model vLTm™ 8109-2 with 97 Components. How can you do it (CAD)? (Guides to Virtual Technical Scale Models (vLTm™) Book 489),0,byJosé Luis Oliver Herrero,industrial machinery,6
Virtual Technical Scale Model vLTm™ 8145-1 with 113 Parts. Machine with Drives (Type I) (Guides to Virtual Technical Scale Models (vLTm™) Book 496),862,byJosé Luis Oliver Herrero,industrial machinery,6
"TOYOPOWER Industrial V-Belt, B-Section B-43, for Machinery and Tools (B-43)",630,FREE delivery3 - 6 Sept,industrial machinery,6
"Heat Pump Dryers: Theory, Design and Industrial Applications [Hardcover] Alves-Filho, Odilio","7,835",byOdilio Alves-Filho,industrial machinery,6
"TOYOPOWER Industrial V-Belt, B-Section B-44, for Machinery and Tools (B-44)",640,FREE delivery3 - 6 Sept,industrial machinery,6
"TOYOPOWER Industrial V-Belt, B-Section B-45, for Machinery and Tools (B-45)",650,FREE delivery3 - 6 Sept,industrial machinery,6
"Pipeline Risk Management Manual: Ideas, Techniques, and Resources","8,861",byW. Kent Muhlbauer,industrial machinery,6
"TOYOPOWER Industrial V-Belt, B-Section B-41, Machinery and Tools (B-41)",610,FREE delivery3 - 6 Sept,industrial machinery,6
SeMi AuToMaTiC FoLdInG 11L SmAlL MiNi WaShInG MaChInE WiTh DrYeR DeEp CLeAnInG FoR UnDeRwEaR WaShINg MaChInE SeMi AuToMaTiC D85,"1,998",Up to 5% back with Amazon Pay ICICI cardUp to 5% back with Amazon Pay...,industrial machinery,6
"Telemecanique Osiswitch XCMH2102L1 Limit Switch with Cable, Industrial Control, Blue","2,880","FREE deliverySat, 30 Aug",industrial machinery,6
16A/3Pin Industrial Plug & Panel Socket Set 220-250V Single Phase (16A/3Pin Industrial Plug & Panel Socket Set 220-250V Single Phase),250,"Buy 2 items, get 3% off",industrial machinery,6
GROZ Button Head Coupler with wear resistant metal seal| Ideal for use with button head grease fitting found in heavy machinery| Fitting Size: 16 mm |Pressure : Upto 3000 PSI |PCN/1/B,265,"FREE deliveryWed, 27 Augon ₹499 of items fulfilled by Amazon",industrial machinery,6
"TOYOPOWER Industrial V-Belt B-42, B-Section, for Machinery and Tools (B-42)",620,FREE delivery3 - 6 Sept,industrial machinery,6
Maintenance and Troubleshooting in Industrial Automation,"3,791",byFrank Lamb,industrial machinery,6
"TOYOPOWER Industrial V-Belt, B-Section B-40, for Machinery and Tools (B-40)",595,FREE delivery3 - 6 Sept,industrial machinery,6
"TOYOPOWER Industrial V-Belt, B-Section B-39, for Machinery and Tools (B-39)",590,FREE delivery3 - 6 Sept,industrial machinery,6
Canadian Machinery Volume v 22 No.04,"1,817.",22 May 2025,industrial machinery,6
"TOYOPOWER Industrial V-Belt B-36, B-Section, for Machinery and Tools (B-36)",560,FREE delivery3 - 6 Sept,industrial machinery,6
Catalogue ... of Machinery and Tools,"2,606.",byBrown & Sharpe Manufacturing Co,industrial machinery,6
"TOYOPOWER Industrial V-Belt B-38, B-Section, for Machinery and Tools (B-38)",585,FREE delivery3 - 6 Sept,industrial machinery,6
Virtual Technical Scale Model vLTm™ 8145-1 with 54 Parts. Assembled (CAD) and Ready to Simulate (CAE-RcD) (Guides to Virtual Technical Scale Models (vLTm™) Book 497),"1,300",byJosé Luis Oliver Herrero,industrial machinery,6
"TOYOPOWER Industrial V-Belt B-37, B-Section, for Machinery and Tools (B-37)",570,FREE delivery3 - 6 Sept,industrial machinery,6
"The 2018-2023 World Outlook for Industrial Truck, Tractor, Trailer, and Stacker Machinery Manufacturing",N/A,,industrial machinery,6
"TOYOPOWER Industrial V-Belt B-35, B-Section, for Machinery and Tools (B-35)",550,FREE delivery3 - 6 Sept,industrial machinery,6
2019 Global Manufacturing & Markets-Industrial Machinery & Engines,"10,550",byCraig Barnes,industrial machinery,6
"TOYOPOWER Industrial V-Belt, B-Section B-33, for Machinery and Tools (B-33)",530,FREE delivery3 - 6 Sept,industrial machinery,6
"Machinery: Index to Vol. 6; September, 1899, to August, 1900 (Classic Reprint)","1,985",byIndustrial Press,industrial machinery,6
"Generic DC Gear Motor, DC 1.5V-5V Industrial Machinery Equipment, Voltage Range Speed Reduction Gear, Industry for General Purpose Home Professional Use'","1,417",FREE delivery16 - 19 Sept,industrial machinery,6
"D&D PowerDrive DURA-Ultimate A-A42K Aramid V Belt, 4LK 1/2 x 44in OC (AK42), Compatible with Industrial Machinery, Heavy-Duty Equipment","5,268",FREE delivery11 - 15 Sept,industrial machinery,6
"Paper Making And Its Machinery: Including Chapters On The Tub Sizing Of Paper, The Coating And Finishing Of Art Paper And The Coating Of Photographic Paper","1,827",byThomas Wightman Chalmers,industrial machinery,6
"Generic DC Gear Motor, DC 1.5V-5V Industrial Machinery Equipment, Voltage Range Speed Reduction Gear, Industry for General Purpose Home Professional Use'","1,421",FREE delivery15 - 18 Sept,industrial machinery,6
"Computer Upgrade And Repair Handbook: A Component-Level Masterclass in Diagnosing, Optimizing, and Future-Proofing Your System's Hardware (The DIY Home & Hobby Handbook Series 5)",0,byHenk-Jan Smolders,industrial machinery,6
"Casters, Heavy Duty Casters Low Noise for Loader Transporter for Machinery Industry for Trolley","4,209",FREE delivery15 - 18 Sept,industrial machinery,6
Be In Your Mind 2Pcs K660 K-660 Triangle Drive V-Belt Machine Transmission Rubber Belt Circumference 660mm Width 8mm Thickness 6mm For Drilling Machine Industrial Agricultural Machinery,"3,073",FREE delivery11 - 15 Sept,industrial machinery,6
On the Economy of Machinery and Manufactures,"2,560",byCharles Babbage,industrial machinery,6
"Cosyhat XLJP 1 Unit V-Belt for Agricultural Machinery Type Z, Industrial Triangular Belt, Length 450mm-940mm, Drive Belt (Size : 737mm)","4,550",FREE delivery15 - 18 Sept,industrial machinery,6
Hespeler Machinery Co. Limited,"1,736",byHespeler Machinery Company,industrial machinery,6
"Everest Heavy-Duty Industrial V-Belt, Heat and Oil Resistant, Black, | B63",N/A,,industrial machinery,6
Virtual Technical Scale Model vLTm™ 8145-1 with 108 Components. How can you do it (CAD)? (Guides to Virtual Technical Scale Models (vLTm™) Book 495),0,byJosé Luis Oliver Herrero,industrial machinery,6
"Everest Heavy-Duty Industrial V-Belt, Heat and Oil Resistant, Black, | B110",N/A,,industrial machinery,6
Lubricants and Waxes: From Basics to Applications,"4,310",byDhananjoy Ghosh,industrial machinery,6
"3NH® Speed Reduction Gear Motor, 150RPM Gear Motor 3x10mm Mini DC Motor Reduction Gear Motor for Financial Machinery for Electronic Door Locks for Office Automation","1,590.",FREE delivery15 - 18 Sept,industrial machinery,6
"Machinery's Reference Series ..., Volumes 1-10","2,697.",22 May 2025,industrial machinery,6
Gulshan Export India B118 Belt Machinery V belt,570,"₹65 deliverySat, 30 Aug",industrial machinery,6
"Digital Humidity Meter, Humidity Indicator, Heavy Duty Industrial use","4,375","FREE deliveryThu, 28 Aug",industrial machinery,6
"Elevea 𝟏𝟓 𝐘𝐞𝐚𝐫𝐬 𝐖𝐚𝐫𝐫𝐚𝐧𝐭𝐲 Aluminium Wires Cable, 16mm for Domestic and Industrial Electric Connections up to 1500 watts for Domestic & Industrial Use - 75 Meter","4,839",2% off coupon appliedSave 2%with coupon,industrial machinery,6
A.S Enterprises tag Gun Arrow 9S Machine + 5000pcs 65 MM TAG Clothing Garment Price Label Tag Gun Tagging Barbs Free with 1 Needle (Dark Cream) MHK,599,2% off coupon appliedSave 2%with coupon,industrial machinery,6
"Kiwilon 2025 Sewing Machine Electric With Table Set I Stitching Machine For Home Tailoring With Foot Pedal, Adapter, Built-In Focus Light And Sewing Kit I Silai Machine (Pink) (PSM-4)","1,499",2% off coupon appliedSave 2%with coupon,industrial machinery,6
"TOYOPOWER Industrial V-Belt B-36, B-Section, for Machinery and Tools (B-36)",560,FREE delivery3 - 6 Sept,industrial machinery,7
Machinery's Handbook Made Easy,"3,700",byEdward T. Janecek,industrial machinery,7
"TOYOPOWER Industrial V-Belt B-38, B-Section, for Machinery and Tools (B-38)",585,FREE delivery3 - 6 Sept,industrial machinery,7
"Electrical Installations of Electric Light, Power, Traction and Industrial Electrical Machinery. In Four Vols. Vol. I. - the Electrical Circuit, Measurement, Elements of Motors, Dynamos, Electrolysis",N/A,byRankin Kennedy,industrial machinery,7
"TOYOPOWER Industrial V-Belt B-37, B-Section, for Machinery and Tools (B-37)",570,FREE delivery3 - 6 Sept,industrial machinery,7
"The Aussie Tradie's AI Toolkit: Work Smarter, Quote Faster, Win More Jobs",449,byAlex J. D.  Cooper,industrial machinery,7
"TOYOPOWER Industrial V-Belt B-35, B-Section, for Machinery and Tools (B-35)",550,FREE delivery3 - 6 Sept,industrial machinery,7
"Handbook of Storage Tank Systems: Codes: Regulations, and Designs",N/A,byWayne B. Geyer,industrial machinery,7
"TOYOPOWER Industrial V-Belt, B-Section B-33, for Machinery and Tools (B-33)",530,FREE delivery3 - 6 Sept,industrial machinery,7
"Generic DC Gear Motor, DC 1.5V-5V Industrial Machinery Equipment, Voltage Range Speed Reduction Gear, Industry for General Purpose Home Professional Use'","1,417",FREE delivery16 - 19 Sept,industrial machinery,7
"Manufacture of Thinners & Solvents (Properties, Uses, Production, Formulation with Machinery Details)","1,875",Up to 5% back with Amazon Pay ICICI cardUp to 5% back with Amazon Pay...,industrial machinery,7
"D&D PowerDrive DURA-Ultimate A-A42K Aramid V Belt, 4LK 1/2 x 44in OC (AK42), Compatible with Industrial Machinery, Heavy-Duty Equipment","5,268",FREE delivery11 - 15 Sept,industrial machinery,7
Machinery's Handbook Pocket Companion,"1,800",byRichard Pohanish,industrial machinery,7
"Generic DC Gear Motor, DC 1.5V-5V Industrial Machinery Equipment, Voltage Range Speed Reduction Gear, Industry for General Purpose Home Professional Use'","1,421",FREE delivery15 - 18 Sept,industrial machinery,7
Gulshan Export India B89 Belt Machinery V belt,401,"₹65 deliverySat, 30 Aug",industrial machinery,7
"Design of Jigs, Fixtures and Press Tools","5,330",byK. Venkataraman,industrial machinery,7
"Casters, Heavy Duty Casters Low Noise for Loader Transporter for Machinery Industry for Trolley","4,209",FREE delivery15 - 18 Sept,industrial machinery,7
"Dynamics and Control of Switched Electronic Systems: Advanced Perspectives for Modeling, Simulation and Control of Power Converters (Advances in Industrial Control)","7,982",byFrancesco VascaandLuigi Iannelli,industrial machinery,7
"Industrial Polyurethane Forklift Wheel, Orange and Black (2, Black)",699,7% off coupon appliedSave 7%with coupon,industrial machinery,8
SeMi AuToMaTiC FoLdInG 9L SmAlL MiNi WaShInG MaChInE WiTh DrYeR DeEp CLeAnInG FoR UnDeRwEaR WaShINg MaChInE SeMi AuToMaTiC R87,"2,098",Up to 5% back with Amazon Pay ICICI cardUp to 5% back with Amazon Pay...,industrial machinery,8
SeMi AuToMaTiC FoLdInG 11L SmAlL MiNi WaShInG MaChInE WiTh DrYeR DeEp CLeAnInG FoR UnDeRwEaR WaShINg MaChInE SeMi AuToMaTiC S05,"1,998",Up to 5% back with Amazon Pay ICICI cardUp to 5% back with Amazon Pay...,industrial machinery,8
"Kiwilon 2025 Sewing Machine Electric With Table Set I Stitching Machine For Home Tailoring With Foot Pedal, Adapter, Built-In Focus Light And Sewing Kit I Silai Machine (Pink) (PSM-3)","1,699",2% off coupon appliedSave 2%with coupon,industrial machinery,8
Portable Hand Sewing Machine Stapler Style Silai Machine Handheld Sewing Machine For Emergency Stitching Home Tailoring clothes Quick Stiching Machine,499,Plastic,industrial machinery,8
Organ Db X 1 Industrial Needles 16X257 Size 90/14 (10Pk),273,"FREE deliveryFri, 29 Aug",industrial machinery,8
SeMi AuToMaTiC FoLdInG 9L SmAlL MiNi WaShInG MaChInE WiTh DrYeR DeEp CLeAnInG FoR UnDeRwEaR WaShINg MaChInE SeMi AuToMaTiC B35,"1,998",Up to 5% back with Amazon Pay ICICI cardUp to 5% back with Amazon Pay...,industrial machinery,8
"Krevia 5 Inch 360 Degree PU Swivel Caster Wheels | Set Of 4 Heavy Duty Locking Bearing Industrial Casters with Brake | Noise-Free Swivel Plate Caster Wheels for Cart, Furniture, Workbench (Orange)","1,899",10% off coupon appliedSave 10%with coupon,industrial machinery,8
"Groz Heavy Duty 10kg Grease Pump 50% More Pressure Durable with Unbreakable Footrest Grease Pump for Cranes, Earthmovers, Industrial equipment | Up to 6000 Psi (Capacity- 10Kg) |VGP/HD/10A","6,682",FREE delivery,industrial machinery,8
I/O Series Industrial Control Module | Modular Fieldbus I/O System | Red Housing | Compact Automation Controller for PLC & Industrial Applications,"9,999","FREE deliverySun, 31 Aug",industrial machinery,8
Zinc Stearate Powder 25Kg Multipurpose Binder & Lubricant for Industrial Use,N/A,,industrial machinery,8
"Drumstone [𝐎𝐧 𝐎𝐟𝐟𝐞𝐫 𝟏𝟓 𝐘𝐞𝐚𝐫𝐬 𝐖𝐚𝐫𝐫𝐚𝐧𝐭𝐲] Flexible 2.5mm Copper Wire for Home, Office, Industrial, Electrical Uses, etc 5 Meters (Black Color), Domestic Industrial Electric Wiring",699,2% off coupon appliedSave 2%with coupon,industrial machinery,8
